{
    "http_proxy": {
        "description": "URL du proxy HTTP à utiliser dans le contexte d'un réseau professionnel.",
        "URL": "",
        "login": "",
        "mot de passe": ""
        },
    "https_proxy": {
        "description": "URL du proxy HTTPS à utiliser dans le contexte d'un réseau professionnel.",
        "URL": "",
        "login": "",
        "mot de passe": ""
        },
    "num_parallel": {
        "description": "Nombre de requêtes réalisées simultanément pour aligner des notices avec la BnF ou IdRef/Sudoc",
        "value": 20
        },
    "marc2tables_input_format": {
        "description": "Format de données en entrée dans le module bleu (marc2tables). Par défaut : 'unimarc'. Autre valeur autorisée : 'marc21'.",
        "value": "unimarc"
        },
    "tsv_csv": {
        "description": "Lors de la production de formats Colonnes en sortie, possibilité de choisir le séparateur : CSV (virgule) ou TSV (tabulations). Valeurs autorisées : csv, tsv. Valeur par défaut : tsv",
        "value": "tsv"
        },
    "csv_pref": {
        "description": "Pour les fichiers produits en format CSV, possibilité de choisir entre CSV (séparateur virgule) et TSV (séparateur Tabulation). Valeurs autorisées : csv, tsv. Par défaut : tsv",
        "value": "tsv"
        },
    "stop_words": {
        "description": "Si renseigné, nom du fichier où se trouve une liste de mots vides, à ignorer pour l'alignement. Par exemple, si la liste contient le mot 'Ste', le titre 'Notice historique sur Marizy-Ste-Geneviève' cherchera en réalité 'Notice historique sur Marizy Geneviève'",
        "value": ""
        },
    "timestamp": {
        "description": "Option (booléen True/False) pour injecter en dernière colonne des rapports d'alignement l'horodatage. Ceci pour évaluer la performance d'un alignement volumineux au fur et à mesure du traitement.",
        "value": "False"
        },
    "worldcat_api_key": {
        "description": "API Key OCLC pour interroger les web services Worldcat (recherche sur ISBN)",
        "value": ""
        },
    "gmb": {
        "description": "Fichier d'alignement bibliographique : matrice Excel Gallica Marque Blanche. Valeurs : 0 [non] ou 1 [oui]",
        "value": 0
        },
    "format_ppn": {
        "description": "Mode de récupération des PPN : sous forme d'URI, ou simplement préfixé 'PPN'. Valeurs : 'ppn' ou 'uri'",
        "value": "uri"
        },
    "bnf_aut_status": {
        "description": "Niveau de validation des notices d'autorité BnF : validated (notices validées uniquement); all",
        "value": "validated"
        },
    "controle_isbn2id_date": {
        "description": "Paramètre (peut-être) temporaire pour tester le contrôle sur la date dans le cas d'alignements sur ISBN ou EAN",
        "value": "True"
        },
    "controle_editeur": {
        "description": "Paramètre (peut-être) temporaire pour tester le contrôle sur le nom d'éditeur pour les monographies (valeurs 0 : aucun contrôle ; 1 : valeur de l'un présente dans l'autre ; 2 : valeur strictement identique (sauf si l'un est vide et l'autre renseigné) ; 3 : valeur strictement identique)",
        "value": 1
        }}