{
	"display_message_in_progress": {
			"description": "Afficher ou non le message en rouge quand on sélectionner un fichier à charger. Par défaut : 1 = message à afficher. 0 = ne pas afficher",
			"value": 1
		},
	"marc2tables_input_format":
		{"description": "Format de données en entrée dans le module bleu (marc2tables). Par défaut : 'unimarc'. Autre valeur autorisée : 'marc21'.",
			"value": "unimarc"
		},
	"stop_words":
		{"description": "Si renseigné, nom du fichier où se trouve une liste de mots vides, à ignorer pour l'alignement. Par exemple, si la liste contient le mot 'Ste', le titre 'Notice historique sur Marizy-Ste-Geneviève' cherchera en réalité 'Notice historique sur Marizy Geneviève'",
			"value": ""
		}
}