<?xml version='1.0' encoding='UTF-8'?>
<collection>
<record>
  <leader>     nam0 22        450 </leader>
  <controlfield tag="001">227525728</controlfield>
  <controlfield tag="002">194</controlfield>
  <controlfield tag="003">http://www.sudoc.fr/227525728</controlfield>
  <controlfield tag="004">20180612</controlfield>
  <controlfield tag="005">20180612094307.000</controlfield>
  <controlfield tag="006">774682303</controlfield>
  <controlfield tag="007">774682303</controlfield>
  <controlfield tag="008">Aax3</controlfield>
  <datafield tag="035" ind1=" " ind2=" ">
    <subfield code="a">(OCoLC)1040274130</subfield>
  </datafield>
  <datafield tag="100" ind1=" " ind2=" ">
    <subfield code="a">20180612g18659999k  |0frey50      ba</subfield>
  </datafield>
  <datafield tag="101" ind1="0" ind2=" ">
    <subfield code="a">fre</subfield>
  </datafield>
  <datafield tag="102" ind1=" " ind2=" ">
    <subfield code="a">FR</subfield>
  </datafield>
  <datafield tag="105" ind1=" " ind2=" ">
    <subfield code="a">a   j   00|yy</subfield>
  </datafield>
  <datafield tag="106" ind1=" " ind2=" ">
    <subfield code="a">r</subfield>
  </datafield>
  <datafield tag="181" ind1=" " ind2=" ">
    <subfield code="6">z01</subfield>
    <subfield code="c">txt</subfield>
    <subfield code="2">rdacontent</subfield>
  </datafield>
  <datafield tag="181" ind1=" " ind2="1">
    <subfield code="6">z01</subfield>
    <subfield code="a">i#</subfield>
    <subfield code="b">xxxe##</subfield>
  </datafield>
  <datafield tag="182" ind1=" " ind2=" ">
    <subfield code="6">z01</subfield>
    <subfield code="c">n</subfield>
    <subfield code="2">rdamedia</subfield>
  </datafield>
  <datafield tag="182" ind1=" " ind2="1">
    <subfield code="6">z01</subfield>
    <subfield code="a">n</subfield>
  </datafield>
  <datafield tag="183" ind1=" " ind2="1">
    <subfield code="6">z01</subfield>
    <subfield code="a">nga</subfield>
    <subfield code="2">rdacarrier</subfield>
  </datafield>
  <datafield tag="200" ind1="1" ind2=" ">
    <subfield code="a">Cours de chemins de fer</subfield>
    <subfield code="e">notes prises par les élèves</subfield>
    <subfield code="e">session 1864-1865</subfield>
    <subfield code="f">École impériale des ponts et chaussées</subfield>
  </datafield>
  <datafield tag="210" ind1=" " ind2=" ">
    <subfield code="a">[Lieu de publication indisponible]</subfield>
    <subfield code="c">[École impériale des ponts et chaussées]</subfield>
    <subfield code="d">1865</subfield>
  </datafield>
  <datafield tag="215" ind1=" " ind2=" ">
    <subfield code="a">1 vol. (160 p.)</subfield>
    <subfield code="c">fig.</subfield>
    <subfield code="d">32 cm</subfield>
  </datafield>
  <datafield tag="606" ind1=" " ind2=" ">
    <subfield code="3">027222799</subfield>
    <subfield code="a">Chemins de fer</subfield>
    <subfield code="3">027258564</subfield>
    <subfield code="x">Enseignement technique</subfield>
    <subfield code="2">rameau</subfield>
  </datafield>
  <datafield tag="710" ind1="0" ind2="2">
    <subfield code="3">026375060</subfield>
    <subfield code="a">École nationale des ponts et chaussées</subfield>
    <subfield code="c">France</subfield>
    <subfield code="4">340</subfield>
  </datafield>
  <datafield tag="801" ind1=" " ind2="3">
    <subfield code="a">FR</subfield>
    <subfield code="b">Abes</subfield>
    <subfield code="c">20180612</subfield>
    <subfield code="g">AFNOR</subfield>
  </datafield>
  <datafield tag="930" ind1=" " ind2=" ">
    <subfield code="5">774682303:613207262</subfield>
    <subfield code="b">774682303</subfield>
    <subfield code="a">4°23037</subfield>
    <subfield code="j">g</subfield>
  </datafield>
  <datafield tag="940" ind1=" " ind2=" ">
    <subfield code="5">774682303:613207262</subfield>
    <subfield code="a">20180612</subfield>
    <subfield code="b">x</subfield>
  </datafield>
  <datafield tag="941" ind1=" " ind2=" ">
    <subfield code="5">774682303:613207262</subfield>
    <subfield code="a">20180612</subfield>
    <subfield code="b">09:37:13.000</subfield>
  </datafield>
  <datafield tag="991" ind1=" " ind2=" ">
    <subfield code="5">774682303:613207262</subfield>
    <subfield code="a">Catalogage rétrospectif-2018-CRE SAI</subfield>
    <subfield code="b">RCR 774682303</subfield>
  </datafield>
</record>
<record>
  <leader>     cam0 22        450 </leader>
  <controlfield tag="001">190414030</controlfield>
  <controlfield tag="002">194</controlfield>
  <controlfield tag="003">http://www.sudoc.fr/190414030</controlfield>
  <controlfield tag="004">20151229</controlfield>
  <controlfield tag="005">20171021155318.000</controlfield>
  <controlfield tag="006">774682303</controlfield>
  <controlfield tag="007">0499</controlfield>
  <datafield tag="035" ind1=" " ind2=" ">
    <subfield code="a">(OCoLC)933526290</subfield>
  </datafield>
  <datafield tag="100" ind1=" " ind2=" ">
    <subfield code="a">20151229g19541955k  y0frey50      ca</subfield>
  </datafield>
  <datafield tag="101" ind1="0" ind2=" ">
    <subfield code="a">fre</subfield>
  </datafield>
  <datafield tag="102" ind1=" " ind2=" ">
    <subfield code="a">FR</subfield>
  </datafield>
  <datafield tag="105" ind1=" " ind2=" ">
    <subfield code="a">y   z   00|yy</subfield>
  </datafield>
  <datafield tag="181" ind1=" " ind2=" ">
    <subfield code="6">z01</subfield>
    <subfield code="c">txt</subfield>
    <subfield code="2">rdacontent</subfield>
  </datafield>
  <datafield tag="181" ind1=" " ind2="1">
    <subfield code="6">z01</subfield>
    <subfield code="a">i#</subfield>
    <subfield code="b">xxxe##</subfield>
  </datafield>
  <datafield tag="182" ind1=" " ind2=" ">
    <subfield code="6">z01</subfield>
    <subfield code="c">n</subfield>
    <subfield code="2">rdamedia</subfield>
  </datafield>
  <datafield tag="182" ind1=" " ind2="1">
    <subfield code="6">z01</subfield>
    <subfield code="a">n</subfield>
  </datafield>
  <datafield tag="200" ind1="1" ind2=" ">
    <subfield code="a">Cours d&apos;économie politique générale</subfield>
    <subfield code="e">1954-1955</subfield>
    <subfield code="h">N°1</subfield>
    <subfield code="i">Plan du cours</subfield>
    <subfield code="f">René Roy</subfield>
  </datafield>
  <datafield tag="210" ind1=" " ind2=" ">
    <subfield code="a">Paris</subfield>
    <subfield code="c">Ecole nationale des Ponts et Chaussées</subfield>
    <subfield code="d">1954-1955</subfield>
  </datafield>
  <datafield tag="215" ind1=" " ind2=" ">
    <subfield code="a">1 vol. (150 p.)</subfield>
    <subfield code="d">1954-1955</subfield>
  </datafield>
  <datafield tag="452" ind1=" " ind2="|">
    <subfield code="0">190452722</subfield>
    <subfield code="t">Cours d&apos;économie politique générale</subfield>
    <subfield code="o">1954-1955</subfield>
    <subfield code="h">N°1</subfield>
    <subfield code="i">Plan du cours</subfield>
    <subfield code="f">René Roy</subfield>
    <subfield code="e">Edition électronique</subfield>
    <subfield code="c">Champs-sur-Marne</subfield>
    <subfield code="n">Ecole nationale des Ponts et Chaussées</subfield>
    <subfield code="d">2011</subfield>
  </datafield>
  <datafield tag="579" ind1=" " ind2=" ">
    <subfield code="1">0499</subfield>
    <subfield code="3">211462292</subfield>
  </datafield>
  <datafield tag="606" ind1=" " ind2=" ">
    <subfield code="3">027790479</subfield>
    <subfield code="a">Économie politique</subfield>
    <subfield code="2">rameau</subfield>
  </datafield>
  <datafield tag="700" ind1=" " ind2="1">
    <subfield code="3">114572216</subfield>
    <subfield code="a">Roy</subfield>
    <subfield code="b">René</subfield>
    <subfield code="f">1894-1977</subfield>
    <subfield code="4">070</subfield>
  </datafield>
  <datafield tag="710" ind1="0" ind2="2">
    <subfield code="3">026375060</subfield>
    <subfield code="a">École nationale des ponts et chaussées</subfield>
    <subfield code="c">France</subfield>
    <subfield code="4">340</subfield>
  </datafield>
  <datafield tag="801" ind1=" " ind2="3">
    <subfield code="a">FR</subfield>
    <subfield code="b">Abes</subfield>
    <subfield code="c">20171021</subfield>
    <subfield code="g">AFNOR</subfield>
  </datafield>
  <datafield tag="930" ind1=" " ind2=" ">
    <subfield code="5">774682303:544714024</subfield>
    <subfield code="b">774682303</subfield>
    <subfield code="a">4°30975/1</subfield>
    <subfield code="j">g</subfield>
  </datafield>
  <datafield tag="940" ind1=" " ind2=" ">
    <subfield code="5">774682303:544714024</subfield>
    <subfield code="a">20151229</subfield>
    <subfield code="b">x</subfield>
  </datafield>
  <datafield tag="941" ind1=" " ind2=" ">
    <subfield code="5">774682303:544714024</subfield>
    <subfield code="a">20151229</subfield>
    <subfield code="b">16:09:04.000</subfield>
  </datafield>
  <datafield tag="991" ind1=" " ind2=" ">
    <subfield code="5">774682303:544714024</subfield>
    <subfield code="a">RETRO-2015-CRE SAI</subfield>
    <subfield code="b">RCR 774682303</subfield>
  </datafield>
  <datafield tag="930" ind1=" " ind2=" ">
    <subfield code="5">774682303:544714032</subfield>
    <subfield code="b">774682303</subfield>
    <subfield code="a">4°30975/2</subfield>
    <subfield code="j">g</subfield>
  </datafield>
  <datafield tag="940" ind1=" " ind2=" ">
    <subfield code="5">774682303:544714032</subfield>
    <subfield code="a">20151229</subfield>
    <subfield code="b">x</subfield>
  </datafield>
  <datafield tag="941" ind1=" " ind2=" ">
    <subfield code="5">774682303:544714032</subfield>
    <subfield code="a">20151229</subfield>
    <subfield code="b">16:09:35.000</subfield>
  </datafield>
  <datafield tag="991" ind1=" " ind2=" ">
    <subfield code="5">774682303:544714032</subfield>
    <subfield code="a">RETRO-2015-LOC</subfield>
    <subfield code="b">RCR 774682303</subfield>
  </datafield>
</record>
<record>
  <leader>     nam0 22        450 </leader>
  <controlfield tag="001">227525728</controlfield>
  <controlfield tag="002">194</controlfield>
  <controlfield tag="003">http://www.sudoc.fr/227525728</controlfield>
  <controlfield tag="004">20180612</controlfield>
  <controlfield tag="005">20180612094307.000</controlfield>
  <controlfield tag="006">774682303</controlfield>
  <controlfield tag="007">774682303</controlfield>
  <controlfield tag="008">Aax3</controlfield>
  <datafield tag="035" ind1=" " ind2=" ">
    <subfield code="a">(OCoLC)1040274130</subfield>
  </datafield>
  <datafield tag="100" ind1=" " ind2=" ">
    <subfield code="a">20180612g18659999k  |0frey50      ba</subfield>
  </datafield>
  <datafield tag="101" ind1="0" ind2=" ">
    <subfield code="a">fre</subfield>
  </datafield>
  <datafield tag="102" ind1=" " ind2=" ">
    <subfield code="a">FR</subfield>
  </datafield>
  <datafield tag="105" ind1=" " ind2=" ">
    <subfield code="a">a   j   00|yy</subfield>
  </datafield>
  <datafield tag="106" ind1=" " ind2=" ">
    <subfield code="a">r</subfield>
  </datafield>
  <datafield tag="181" ind1=" " ind2=" ">
    <subfield code="6">z01</subfield>
    <subfield code="c">txt</subfield>
    <subfield code="2">rdacontent</subfield>
  </datafield>
  <datafield tag="181" ind1=" " ind2="1">
    <subfield code="6">z01</subfield>
    <subfield code="a">i#</subfield>
    <subfield code="b">xxxe##</subfield>
  </datafield>
  <datafield tag="182" ind1=" " ind2=" ">
    <subfield code="6">z01</subfield>
    <subfield code="c">n</subfield>
    <subfield code="2">rdamedia</subfield>
  </datafield>
  <datafield tag="182" ind1=" " ind2="1">
    <subfield code="6">z01</subfield>
    <subfield code="a">n</subfield>
  </datafield>
  <datafield tag="183" ind1=" " ind2="1">
    <subfield code="6">z01</subfield>
    <subfield code="a">nga</subfield>
    <subfield code="2">rdacarrier</subfield>
  </datafield>
  <datafield tag="200" ind1="1" ind2=" ">
    <subfield code="a">Cours de chemins de fer</subfield>
    <subfield code="e">notes prises par les élèves</subfield>
    <subfield code="e">session 1864-1865</subfield>
    <subfield code="f">École impériale des ponts et chaussées</subfield>
  </datafield>
  <datafield tag="210" ind1=" " ind2=" ">
    <subfield code="a">[Lieu de publication indisponible]</subfield>
    <subfield code="c">[École impériale des ponts et chaussées]</subfield>
    <subfield code="d">1865</subfield>
  </datafield>
  <datafield tag="215" ind1=" " ind2=" ">
    <subfield code="a">1 vol. (160 p.)</subfield>
    <subfield code="c">fig.</subfield>
    <subfield code="d">32 cm</subfield>
  </datafield>
  <datafield tag="606" ind1=" " ind2=" ">
    <subfield code="3">027222799</subfield>
    <subfield code="a">Chemins de fer</subfield>
    <subfield code="3">027258564</subfield>
    <subfield code="x">Enseignement technique</subfield>
    <subfield code="2">rameau</subfield>
  </datafield>
  <datafield tag="710" ind1="0" ind2="2">
    <subfield code="3">026375060</subfield>
    <subfield code="a">École nationale des ponts et chaussées</subfield>
    <subfield code="c">France</subfield>
    <subfield code="4">340</subfield>
  </datafield>
  <datafield tag="801" ind1=" " ind2="3">
    <subfield code="a">FR</subfield>
    <subfield code="b">Abes</subfield>
    <subfield code="c">20180612</subfield>
    <subfield code="g">AFNOR</subfield>
  </datafield>
  <datafield tag="930" ind1=" " ind2=" ">
    <subfield code="5">774682303:613207262</subfield>
    <subfield code="b">774682303</subfield>
    <subfield code="a">4°23037</subfield>
    <subfield code="j">g</subfield>
  </datafield>
  <datafield tag="940" ind1=" " ind2=" ">
    <subfield code="5">774682303:613207262</subfield>
    <subfield code="a">20180612</subfield>
    <subfield code="b">x</subfield>
  </datafield>
  <datafield tag="941" ind1=" " ind2=" ">
    <subfield code="5">774682303:613207262</subfield>
    <subfield code="a">20180612</subfield>
    <subfield code="b">09:37:13.000</subfield>
  </datafield>
  <datafield tag="991" ind1=" " ind2=" ">
    <subfield code="5">774682303:613207262</subfield>
    <subfield code="a">Catalogage rétrospectif-2018-CRE SAI</subfield>
    <subfield code="b">RCR 774682303</subfield>
  </datafield>
</record>
</collection>