<collection>
<record>
    <leader>00000cam a2200000Ia 4500</leader>
    <controlfield tag="001">449807719</controlfield>
    <controlfield tag="008">091006s2008    sz a    oc    000 0 eng d</controlfield>
    <datafield ind1=" " ind2=" " tag="020">
      <subfield code="a">9783764384494</subfield>
    </datafield>
    <datafield ind1=" " ind2=" " tag="020">
      <subfield code="a">3764384492</subfield>
    </datafield>
    <datafield ind1=" " ind2=" " tag="020">
      <subfield code="a">9783764384500</subfield>
      <subfield code="q">(ebook)</subfield>
    </datafield>
    <datafield ind1=" " ind2=" " tag="020">
      <subfield code="a">3764384506</subfield>
      <subfield code="q">(ebook)</subfield>
    </datafield>
    <datafield ind1="0" ind2=" " tag="041">
      <subfield code="a">fre</subfield>
      <subfield code="a">ger</subfield>
      <subfield code="a">eng</subfield>
    </datafield>
    <datafield ind1="0" ind2="0" tag="245">
      <subfield code="a">Bourses fédérales de design =</subfield>
      <subfield code="b">Eidgenössische Förderpreise für Design = Swiss federal design grants 2007.</subfield>
    </datafield>
    <datafield ind1="3" ind2="1" tag="246">
      <subfield code="a">Eidgenössische Förderpreise für Design</subfield>
    </datafield>
    <datafield ind1="3" ind2="1" tag="246">
      <subfield code="a">Swiss federal design grants 2007</subfield>
    </datafield>
    <datafield ind1=" " ind2=" " tag="260">
      <subfield code="a">Basel ;</subfield>
      <subfield code="a">Boston :</subfield>
      <subfield code="b">Birkhäuser,</subfield>
      <subfield code="c">©2008.</subfield>
    </datafield>
    <datafield ind1=" " ind2=" " tag="300">
      <subfield code="a">1 online resource (151 pages) :</subfield>
      <subfield code="b">illustrations (some color)</subfield>
    </datafield>
    <datafield ind1=" " ind2=" " tag="546">
      <subfield code="a">In French, German, and English.</subfield>
    </datafield>
    <datafield ind1=" " ind2=" " tag="500">
      <subfield code="a">Catalog of an exhibition sponsored by the Swiss Federal Office of Culture, Berne, held at the mudac, Musée de design et d'arts appliqués contemporains, Lausanne, from October 17, 2007 to February 11, 2008.</subfield>
    </datafield>
    <datafield ind1=" " ind2=" " tag="520">
      <subfield code="a">Anlässlich des jährlich stattfindenden Eidgenössischen Wettbewerbs für Design realisiert das Bundesamt für Kultur eine Publikation und eine Ausstellung - in diesem Jahr in Zusammenarbeit mit dem Musée de design et d'arts appliqués contemporains in Lausanne. Sie dienen als Plattformen, um alle Preisträgerinnen und Preisträger sowie ihre ausgezeichneten Werke vorzustellen und zu dokumentieren. Zu sehen sind Werke aus den Bereichen Mode, Textil, Grafik, Illustration, Fotografie, Produktdesign und Schmuck. Die grafische Gestaltung dieser Publikation wurde an BONBON, Diego Bontognali, Valeria Bonin.</subfield>
    </datafield>
    <datafield ind1=" " ind2="0" tag="650">
      <subfield code="a">Design</subfield>
      <subfield code="x">Awards</subfield>
      <subfield code="z">Switzerland</subfield>
      <subfield code="v">Exhibitions.</subfield>
    </datafield>
    <datafield ind1=" " ind2="0" tag="650">
      <subfield code="a">Design</subfield>
      <subfield code="z">Switzerland</subfield>
      <subfield code="x">History</subfield>
      <subfield code="y">21st century</subfield>
      <subfield code="v">Exhibitions.</subfield>
    </datafield>
    <datafield ind1=" " ind2="7" tag="650">
      <subfield code="a">Design.</subfield>
      <subfield code="2">fast</subfield>
      <subfield code="0">(OCoLC)fst00891253</subfield>
    </datafield>
    <datafield ind1=" " ind2="7" tag="650">
      <subfield code="a">Design</subfield>
      <subfield code="x">Awards.</subfield>
      <subfield code="2">fast</subfield>
      <subfield code="0">(OCoLC)fst00891257</subfield>
    </datafield>
    <datafield ind1=" " ind2="7" tag="651">
      <subfield code="a">Switzerland.</subfield>
      <subfield code="2">fast</subfield>
      <subfield code="0">(OCoLC)fst01205401</subfield>
    </datafield>
    <datafield ind1=" " ind2="7" tag="650">
      <subfield code="0">(FrPBN)11975280</subfield>
      <subfield code="a">Design</subfield>
      <subfield code="0">(FrPBN)11933332</subfield>
      <subfield code="z">Suisse</subfield>
      <subfield code="0">(FrPBN)11934444</subfield>
      <subfield code="x">Histoire</subfield>
      <subfield code="0">(FrPBN)11930812</subfield>
      <subfield code="x">Vingt et unième siècle</subfield>
      <subfield code="0">(FrPBN)15916158</subfield>
      <subfield code="x">Expositions.</subfield>
      <subfield code="2">ram</subfield>
    </datafield>
    <datafield ind1=" " ind2="4" tag="655">
      <subfield code="a">Electronic books.</subfield>
    </datafield>
    <datafield ind1=" " ind2="7" tag="655">
      <subfield code="a">Exhibition catalogs.</subfield>
      <subfield code="2">fast</subfield>
      <subfield code="0">(OCoLC)fst01424028</subfield>
    </datafield>
    <datafield ind1=" " ind2="7" tag="655">
      <subfield code="a">History.</subfield>
      <subfield code="2">fast</subfield>
      <subfield code="0">(OCoLC)fst01411628</subfield>
    </datafield>
    <datafield ind1="1" ind2=" " tag="710">
      <subfield code="a">Switzerland.</subfield>
      <subfield code="b">Bundesamt für Kultur.</subfield>
    </datafield>
    <datafield ind1="2" ind2=" " tag="710">
      <subfield code="a">Musée de design et d'arts appliqués contemporains.</subfield>
    </datafield>
    <datafield ind1="4" ind2="0" tag="856">
      <subfield code="3">OhioLINK</subfield>
      <subfield code="u">http://rave.ohiolink.edu/ebooks/ebc/9783764384500</subfield>
    </datafield>
    <datafield ind1="4" ind2="0" tag="856">
      <subfield code="3">Scholars Portal</subfield>
      <subfield code="u">http://books.scholarsportal.info/viewdoc.html?id=/ebooks/ebooks0/springer/2010-04-28/2/9783764384500</subfield>
    </datafield>
    <datafield ind1="4" ind2="0" tag="856">
      <subfield code="3">SpringerLink</subfield>
      <subfield code="u">https://doi.org/10.1007/978-3-7643-8450-0</subfield>
    </datafield>
  </record>

<record>
    <leader>00000cam a2200000Ii 4500</leader>
    <controlfield tag="001">953734913</controlfield>
    <controlfield tag="008">160719s2016    njuab   ob    001 0 eng d</controlfield>
    <datafield ind1=" " ind2=" " tag="020">
      <subfield code="a">9781119054306</subfield>
      <subfield code="q">(electronic bk.)</subfield>
    </datafield>
    <datafield ind1=" " ind2=" " tag="020">
      <subfield code="a">1119054303</subfield>
      <subfield code="q">(electronic bk.)</subfield>
    </datafield>
    <datafield ind1=" " ind2=" " tag="020">
      <subfield code="a">9781119054146</subfield>
    </datafield>
    <datafield ind1=" " ind2=" " tag="020">
      <subfield code="a">1119054141</subfield>
    </datafield>
    <datafield ind1=" " ind2=" " tag="020">
      <subfield code="a">9781119054214</subfield>
    </datafield>
    <datafield ind1=" " ind2=" " tag="020">
      <subfield code="a">1119054214</subfield>
    </datafield>
    <datafield ind1=" " ind2=" " tag="020">
      <subfield code="a">1119053978</subfield>
    </datafield>
    <datafield ind1=" " ind2=" " tag="020">
      <subfield code="a">9781119053972</subfield>
    </datafield>
    <datafield ind1=" " ind2=" " tag="020">
      <subfield code="z">9781119053972</subfield>
    </datafield>
    <datafield ind1="0" ind2="0" tag="245">
      <subfield code="a">Plate boundaries and natural hazards /</subfield>
      <subfield code="c">João C. Duarte, Wouter P. Schellart, editors.</subfield>
    </datafield>
    <datafield ind1=" " ind2="1" tag="264">
      <subfield code="a">Hoboken, New Jersey :</subfield>
      <subfield code="b">John Wiley,</subfield>
      <subfield code="c">[2016]</subfield>
    </datafield>
    <datafield ind1=" " ind2="4" tag="264">
      <subfield code="c">©2016</subfield>
    </datafield>
    <datafield ind1=" " ind2=" " tag="300">
      <subfield code="a">1 online resource :</subfield>
      <subfield code="b">illustrations (some color), maps (some color)</subfield>
    </datafield>
    <datafield ind1="1" ind2=" " tag="490">
      <subfield code="a">Geophysical monograph ;</subfield>
      <subfield code="v">219</subfield>
    </datafield>
    <datafield ind1="0" ind2=" " tag="505">
      <subfield code="a">Introduction to Plate Boundaries and Natural Hazards / Joao C Duarte, Wouter P Schellart -- Reviews. Rifts and Rifted Margins / Sascha Brune -- Origin, Evolution, Seismicity, and Models of Oceanic and Continental Transform Boundaries / Taras V Gerya -- An Introduction to Convergent Margins and Their Natural Hazards / Robert J Stern, David W Scholl, Gerard Fryer -- Earthquakes and Related Natural Hazards. Great Subduction Zone Earthquakes / Marc-Andre Gutscher -- Promise and Paradox / Seth Stein, Mian Liu, Bruce D Spencer, Edward M Brooks -- Joint Inversion of High-Rate GPS and Teleseismic Observations for Rupture Process of the 23 June 2014 (Mw 7.9) Rat Islands Archipelago, Alaska, Intermediate Depth Earthquake / Lingling Ye, Thorne Lay, Hiroo Kanamori, Jeffrey T Freymueller, Luis Rivera -- Large Earthquakes and Structural Heterogeneity in Eastern Tibetan Plateau / Jianshe Lei, Dapeng Zhao -- Seismic Potential of Thrust-Wrench Tectonic Interference between Major Active Faults Offshore SW Iberia / Filipe M Rosas, Joao C Duarte, Wouter P Schellart, Ricardo Tomas, Pedro Terrinha -- On the Sedimentological and Historical Evidences of Seismic-Triggered Tsunamis on the Algarve Coast of Portugal / Cesar Andrade, Maria C Freitas, Maria A Oliveira, Pedro J M Costa -- Volcanoes and Related Natural Hazards. Growth, Demise, and Recent Eruption History of the Eastern Cobb-Eickelberg Seamounts at the Intersection with the Juan De Fuca Ridge / Robert P Dziak, Susan G Merle -- The Devastating Impact of the 2010 Eruption of Merapi Volcano, Indonesia / Susanna F Jenkins, Jean-Christophe Komorowski, Peter J Baxter, Sylvain J Charbonnier, Noer Cholik, Surono -- The Tsunami Effects of a Collapse of a Volcanic Island on a Semienclosed Basin / Rachid Omira, Rui Quartau, Ines Ramalho, Maria Ana Baptista, Neil C Mitchell -- Remote Sensing of Volcanic Eruptions / Andrew T Prata.</subfield>
    </datafield>
    <datafield ind1=" " ind2=" " tag="520">
      <subfield code="a">The beginning of the new millennium has been particularly devastating in terms of natural disasters associated with tectonic plate boundaries, such as earthquakes in Sumatra, Chile, Japan, Tahiti, and Nepal; the Indian Ocean and the Pacific Ocean tsunamis; and volcanoes in Indonesia, Chile, Iceland that have produced large quantities of ash causing major disruption to aviation. In total, half a million people were killed by such natural disasters. These recurring events have increased our awareness of the destructive power of natural hazards and the major risks associated with them. While we have come a long way in the search for understanding such natural phenomena, and although our knowledge of Earth dynamics and plate tectonics has improved enormously, there are still fundamental uncertainties in our understanding of natural hazards. Increased understanding is crucial to improve our capacity for hazard prediction and mitigation. Volume highlights include: -Main concepts associated with tectonic plate boundaries -Novel studies on boundary-related natural hazards -Fundamental concepts that improve hazard prediction and mitigation Plate Boundaries and Natural Hazards will be a valuable resource for scientists and students in the fields of geophysics, geochemistry, plate tectonics, natural hazards, and climate science.</subfield>
    </datafield>
    <datafield ind1=" " ind2="0" tag="650">
      <subfield code="a">Plate tectonics.</subfield>
    </datafield>
    <datafield ind1=" " ind2="0" tag="650">
      <subfield code="a">Earthquake zones.</subfield>
    </datafield>
    <datafield ind1=" " ind2="0" tag="650">
      <subfield code="a">Natural disasters.</subfield>
    </datafield>
    <datafield ind1=" " ind2="7" tag="650">
      <subfield code="a">SCIENCE</subfield>
      <subfield code="x">Earth Sciences</subfield>
      <subfield code="x">Geography.</subfield>
      <subfield code="2">bisacsh</subfield>
    </datafield>
    <datafield ind1=" " ind2="7" tag="650">
      <subfield code="a">SCIENCE</subfield>
      <subfield code="x">Earth Sciences</subfield>
      <subfield code="x">Geology.</subfield>
      <subfield code="2">bisacsh</subfield>
    </datafield>
    <datafield ind1=" " ind2="7" tag="650">
      <subfield code="a">Earthquake zones.</subfield>
      <subfield code="2">fast</subfield>
      <subfield code="0">(OCoLC)fst00900898</subfield>
    </datafield>
    <datafield ind1=" " ind2="7" tag="650">
      <subfield code="a">Natural disasters.</subfield>
      <subfield code="2">fast</subfield>
      <subfield code="0">(OCoLC)fst01033994</subfield>
    </datafield>
    <datafield ind1=" " ind2="7" tag="650">
      <subfield code="a">Plate tectonics.</subfield>
      <subfield code="2">fast</subfield>
      <subfield code="0">(OCoLC)fst01066753</subfield>
    </datafield>
    <datafield ind1=" " ind2="7" tag="650">
      <subfield code="a">Tectonique des plaques.</subfield>
      <subfield code="2">ram</subfield>
    </datafield>
    <datafield ind1=" " ind2="7" tag="650">
      <subfield code="a">Zones sismiques.</subfield>
      <subfield code="2">ram</subfield>
    </datafield>
    <datafield ind1=" " ind2="7" tag="650">
      <subfield code="a">Catastrophes naturelles.</subfield>
      <subfield code="2">ram</subfield>
    </datafield>
    <datafield ind1=" " ind2="4" tag="655">
      <subfield code="a">Electronic books.</subfield>
    </datafield>
    <datafield ind1="1" ind2=" " tag="700">
      <subfield code="a">Duarte, João C.,</subfield>
      <subfield code="e">editor.</subfield>
    </datafield>
    <datafield ind1="1" ind2=" " tag="700">
      <subfield code="a">Schellart, Wouter P.,</subfield>
      <subfield code="e">editor.</subfield>
    </datafield>
    <datafield ind1="2" ind2=" " tag="710">
      <subfield code="a">American Geophysical Union,</subfield>
      <subfield code="e">issuing body.</subfield>
    </datafield>
    <datafield ind1="4" ind2="0" tag="856">
      <subfield code="3">ebrary</subfield>
      <subfield code="u">http://site.ebrary.com/id/11236495</subfield>
    </datafield>
    <datafield ind1="4" ind2="0" tag="856">
      <subfield code="3">EBSCOhost</subfield>
      <subfield code="u">https://search.ebscohost.com/login.aspx?direct=true&amp;scope=site&amp;db=nlebk&amp;db=nlabk&amp;AN=1286695</subfield>
    </datafield>
    <datafield ind1="4" ind2="0" tag="856">
      <subfield code="3">MyiLibrary</subfield>
      <subfield code="u">http://www.myilibrary.com?id=940963</subfield>
    </datafield>
    <datafield ind1="4" ind2="0" tag="856">
      <subfield code="3">ProQuest Ebook Central</subfield>
      <subfield code="u">https://public.ebookcentral.proquest.com/choice/publicfullrecord.aspx?p=4592522</subfield>
    </datafield>
    <datafield ind1="4" ind2="0" tag="856">
      <subfield code="3">RBdigital</subfield>
      <subfield code="u">http://rbdigital.oneclickdigital.com</subfield>
    </datafield>
    <datafield ind1="4" ind2="0" tag="856">
      <subfield code="3">VLeBooks</subfield>
      <subfield code="u">http://www.vlebooks.com/vleweb/product/openreader?id=none&amp;isbn=9781119054306</subfield>
    </datafield>
    <datafield ind1="4" ind2="0" tag="856">
      <subfield code="3">VLeBooks</subfield>
      <subfield code="u">http://www.vlebooks.com/vleweb/product/openreader?id=none&amp;isbn=9781119054214</subfield>
    </datafield>
    <datafield ind1="4" ind2="0" tag="856">
      <subfield code="3">Wiley</subfield>
      <subfield code="u">https://doi.org/10.1002/9781119054146</subfield>
    </datafield>
    <datafield ind1="4" ind2="0" tag="856">
      <subfield code="3">Wiley</subfield>
      <subfield code="u">https://onlinelibrary.wiley.com/doi/book/10.1002/9781119054146</subfield>
    </datafield>
    <datafield ind1="4" ind2="0" tag="856">
      <subfield code="3">Wiley Online Library</subfield>
      <subfield code="u">https://doi.org/10.1002/9781119054146</subfield>
    </datafield>
    <datafield ind1="4" ind2="0" tag="856">
      <subfield code="3">Wiley</subfield>
      <subfield code="u">http://catalogimages.wiley.com/images/db/jimages/9781119053972.jpg</subfield>
    </datafield>
  </record>
</collection>