<?xml version="1.0" encoding="utf-8"?>
<collection><record>
<leader>     cx  a22        45  </leader>
<controlfield tag="001">FRBNF166397201</controlfield>
<controlfield tag="003">http://catalogue.bnf.fr/ark:/12148/cb16639720c</controlfield>
<controlfield tag="005">20130417</controlfield>
<datafield tag="100" ind1=" " ind2=" ">
<subfield code="a">20121107afrey50      ba0</subfield>
</datafield>
<datafield tag="101" ind1=" " ind2=" ">
<subfield code="a">fre</subfield>
</datafield>
<datafield tag="102" ind1=" " ind2=" ">
<subfield code="a">FR</subfield>
</datafield>
<datafield tag="103" ind1=" " ind2=" ">
<subfield code="a"> 18400420      0220 </subfield>
</datafield>
<datafield tag="105" ind1=" " ind2=" ">
<subfield code="a">a</subfield>
</datafield>
<datafield tag="106" ind1=" " ind2=" ">
<subfield code="a">010</subfield>
</datafield>
<datafield tag="120" ind1=" " ind2=" ">
<subfield code="a">b</subfield>
</datafield>
<datafield tag="200" ind1=" " ind2="|">
<subfield code="7">ba0yba0y</subfield>
<subfield code="8">fre   </subfield>
<subfield code="9"> 0 </subfield>
<subfield code="a">Pastoureau</subfield>
<subfield code="b">Henri</subfield>
<subfield code="f">1840-1900</subfield>
</datafield>
<datafield tag="300" ind1="|" ind2=" ">
<subfield code="a">Lieutenant colonel d'artillerie. - Maire de Toulon de 1897 à 1900</subfield>
</datafield>
<datafield tag="301" ind1=" " ind2=" ">
<subfield code="a">Nontron (Dordogne)</subfield>
<subfield code="b">Toulon</subfield>
</datafield>
<datafield tag="400" ind1=" " ind2="|">
<subfield code="7">ba0yba0y</subfield>
<subfield code="8">fre   </subfield>
<subfield code="9">   </subfield>
<subfield code="a">Pastoureau</subfield>
<subfield code="b">Pierre Henri</subfield>
<subfield code="f">1840-1900</subfield>
</datafield>
<datafield tag="801" ind1=" " ind2=" ">
<subfield code="a">FR</subfield>
<subfield code="b">FR-751131015</subfield>
<subfield code="c">20130417</subfield>
</datafield>
<datafield tag="810" ind1=" " ind2=" ">
<subfield code="a">Bibliothèque-musée de l'Opéra, Paris. NLAS-120 (232) [Lettre d'Henri Pastoureau à Jules Massenet, 13 avril 1899]</subfield>
</datafield>
<datafield tag="815" ind1=" " ind2=" ">
<subfield code="a">ABF</subfield>
</datafield>
</record><record>
<leader>     cx  a22        45  </leader>
<controlfield tag="001">FRBNF119187465</controlfield>
<controlfield tag="003">http://catalogue.bnf.fr/ark:/12148/cb119187467</controlfield>
<controlfield tag="005">20171011</controlfield>
<datafield tag="010" ind1=" " ind2=" ">
<subfield code="a">0000000114704939</subfield>
<subfield code="2">VIAF</subfield>
<subfield code="d">20130724</subfield>
</datafield>
<datafield tag="039" ind1=" " ind2=" ">
<subfield code="o">OPL</subfield>
<subfield code="a">001197159</subfield>
</datafield>
<datafield tag="039" ind1=" " ind2=" ">
<subfield code="o">OPP</subfield>
<subfield code="a">15479957</subfield>
<subfield code="d">20120106</subfield>
</datafield>
<datafield tag="100" ind1=" " ind2=" ">
<subfield code="a">19760602afrey50      ba0</subfield>
</datafield>
<datafield tag="101" ind1=" " ind2=" ">
<subfield code="a">fre</subfield>
</datafield>
<datafield tag="102" ind1=" " ind2=" ">
<subfield code="a">FR</subfield>
</datafield>
<datafield tag="103" ind1=" " ind2=" ">
<subfield code="a"> 19470617           </subfield>
</datafield>
<datafield tag="105" ind1=" " ind2=" ">
<subfield code="a">a</subfield>
<subfield code="a">p</subfield>
</datafield>
<datafield tag="106" ind1=" " ind2=" ">
<subfield code="a">1  </subfield>
</datafield>
<datafield tag="120" ind1=" " ind2=" ">
<subfield code="a">b</subfield>
</datafield>
<datafield tag="200" ind1=" " ind2="|">
<subfield code="7">ba0yba0y</subfield>
<subfield code="8">fre   </subfield>
<subfield code="9"> 0 </subfield>
<subfield code="a">Pastoureau</subfield>
<subfield code="b">Michel</subfield>
<subfield code="f">1947-....</subfield>
</datafield>
<datafield tag="300" ind1="0" ind2=" ">
<subfield code="a">Archiviste paléographe. - Directeur d'études, EPHE - École pratique des hautes études, IVe Section, chaire d'histoire des systèmes symboliques, Paris (en 2012). - Historien de l'art, spécialiste de la symbolique des couleurs</subfield>
</datafield>
<datafield tag="801" ind1=" " ind2=" ">
<subfield code="a">FR</subfield>
<subfield code="b">FR-751131015</subfield>
<subfield code="c">20171011</subfield>
</datafield>
<datafield tag="810" ind1=" " ind2=" ">
<subfield code="a">Figures et couleurs / M. Pastoureau, 1986</subfield>
</datafield>
<datafield tag="810" ind1=" " ind2=" ">
<subfield code="a">EPHE - École Pratique de Hautes études, Paris : Annuaire de l'école - http://www.ephe.sorbonne.fr/details/1901-pastoureau-michel-symbolique-medievale-et-moderne.html (2012-01-06)</subfield>
</datafield>
<datafield tag="810" ind1=" " ind2=" ">
<subfield code="a">BN Cat. 1970-1979 et 1980-1984</subfield>
<subfield code="a">Bibliogr., France, 1984-1987</subfield>
<subfield code="a">WW, France, 1985-1986</subfield>
</datafield>
</record><record>
<leader>     nx  a22        45  </leader>
<controlfield tag="001">FRBNF124870879</controlfield>
<controlfield tag="003">http://catalogue.bnf.fr/ark:/12148/cb12487087c</controlfield>
<datafield tag="010" ind1=" " ind2=" ">
<subfield code="a">0000000034757029</subfield>
<subfield code="2">VIAF</subfield>
<subfield code="d">20130729</subfield>
</datafield>
<datafield tag="039" ind1=" " ind2=" ">
<subfield code="o">OPL</subfield>
<subfield code="a">011760079</subfield>
</datafield>
<datafield tag="100" ind1=" " ind2=" ">
<subfield code="a">19951024afrey50      ba0</subfield>
</datafield>
<datafield tag="101" ind1=" " ind2=" ">
<subfield code="a">fre</subfield>
</datafield>
<datafield tag="102" ind1=" " ind2=" ">
<subfield code="a">FR</subfield>
</datafield>
<datafield tag="103" ind1=" " ind2=" ">
<subfield code="a"> 19600508           </subfield>
</datafield>
<datafield tag="105" ind1=" " ind2=" ">
<subfield code="a">a</subfield>
</datafield>
<datafield tag="106" ind1=" " ind2=" ">
<subfield code="a">1  </subfield>
</datafield>
<datafield tag="200" ind1=" " ind2="|">
<subfield code="7">ba0yba0y</subfield>
<subfield code="8">fre   </subfield>
<subfield code="9"> 0 </subfield>
<subfield code="a">Pastoureau</subfield>
<subfield code="b">Philippe</subfield>
<subfield code="f">1960-....</subfield>
</datafield>
<datafield tag="300" ind1="0" ind2=" ">
<subfield code="a">Docteur ès-sciences (Lyon 1, 1988)</subfield>
</datafield>
<datafield tag="801" ind1=" " ind2=" ">
<subfield code="a">FR</subfield>
<subfield code="b">FR-751131015</subfield>
<subfield code="c">19951024</subfield>
</datafield>
<datafield tag="810" ind1=" " ind2=" ">
<subfield code="a">Croissance squelettique chez l'agneau normal et l'agneau hypotropique / Philippe Pastoureau, 1988 [thèse]</subfield>
</datafield>
</record><record>
<leader>     cx  a22        45  </leader>
<controlfield tag="001">FRBNF121106260</controlfield>
<controlfield tag="003">http://catalogue.bnf.fr/ark:/12148/cb121106265</controlfield>
<controlfield tag="005">20130418</controlfield>
<datafield tag="010" ind1=" " ind2=" ">
<subfield code="a">0000000081482574</subfield>
<subfield code="2">VIAF</subfield>
<subfield code="d">20130725</subfield>
</datafield>
<datafield tag="039" ind1=" " ind2=" ">
<subfield code="o">OPL</subfield>
<subfield code="a">004527605</subfield>
</datafield>
<datafield tag="039" ind1=" " ind2=" ">
<subfield code="o">OPP</subfield>
<subfield code="a">11123514</subfield>
<subfield code="d">20080910</subfield>
</datafield>
<datafield tag="039" ind1=" " ind2=" ">
<subfield code="o">OPP</subfield>
<subfield code="a">11518452</subfield>
<subfield code="d">20080910</subfield>
</datafield>
<datafield tag="039" ind1=" " ind2=" ">
<subfield code="o">OPP</subfield>
<subfield code="a">13222342</subfield>
<subfield code="d">20080910</subfield>
</datafield>
<datafield tag="039" ind1=" " ind2=" ">
<subfield code="o">OPP</subfield>
<subfield code="a">15479956</subfield>
<subfield code="d">20130418</subfield>
</datafield>
<datafield tag="100" ind1=" " ind2=" ">
<subfield code="a">19890421afrey50      ba0</subfield>
</datafield>
<datafield tag="101" ind1=" " ind2=" ">
<subfield code="a">fre</subfield>
</datafield>
<datafield tag="102" ind1=" " ind2=" ">
<subfield code="a">FR</subfield>
</datafield>
<datafield tag="103" ind1=" " ind2=" ">
<subfield code="a"> 19120826  19960417 </subfield>
</datafield>
<datafield tag="105" ind1=" " ind2=" ">
<subfield code="a">a</subfield>
</datafield>
<datafield tag="106" ind1=" " ind2=" ">
<subfield code="a">1  </subfield>
</datafield>
<datafield tag="120" ind1=" " ind2=" ">
<subfield code="a">b</subfield>
</datafield>
<datafield tag="200" ind1=" " ind2="|">
<subfield code="7">ba0yba0y</subfield>
<subfield code="8">fre   </subfield>
<subfield code="9"> 0 </subfield>
<subfield code="a">Pastoureau</subfield>
<subfield code="b">Henri</subfield>
<subfield code="f">1912-1996</subfield>
</datafield>
<datafield tag="300" ind1="0" ind2=" ">
<subfield code="a">Professeur. - Poète surréaliste</subfield>
</datafield>
<datafield tag="301" ind1=" " ind2=" ">
<subfield code="a">Alençon</subfield>
<subfield code="b">Saint-Pierre-des-Nids (Mayenne)</subfield>
</datafield>
<datafield tag="801" ind1=" " ind2=" ">
<subfield code="a">FR</subfield>
<subfield code="b">FR-751131015</subfield>
<subfield code="c">20130418</subfield>
</datafield>
<datafield tag="810" ind1=" " ind2=" ">
<subfield code="a">Légende et histoire de Saint-Céneri-le-Gérei / par Henri Pastoureau, 1965-1969</subfield>
<subfield code="a">Ma vie surréaliste / Henri Pastoureau, 1992 [liste de ses oeuvres p. 4]</subfield>
</datafield>
<datafield tag="810" ind1=" " ind2=" ">
<subfield code="a">Monde, 1996-04-26</subfield>
<subfield code="a">Dictionnaire du surréalisme / de Jean-Claude Clébert, 1996</subfield>
</datafield>
</record><record>
<leader>     cx  a22        45  </leader>
<controlfield tag="001">FRBNF158032587</controlfield>
<controlfield tag="003">http://catalogue.bnf.fr/ark:/12148/cb15803258t</controlfield>
<controlfield tag="005">20081013</controlfield>
<datafield tag="010" ind1=" " ind2=" ">
<subfield code="a">0000000005034008</subfield>
<subfield code="2">VIAF</subfield>
<subfield code="d">20130806</subfield>
</datafield>
<datafield tag="100" ind1=" " ind2=" ">
<subfield code="a">20081009afrey50      ba0</subfield>
</datafield>
<datafield tag="101" ind1=" " ind2=" ">
<subfield code="a">fre</subfield>
</datafield>
<datafield tag="102" ind1=" " ind2=" ">
<subfield code="a">FR</subfield>
</datafield>
<datafield tag="103" ind1=" " ind2=" ">
<subfield code="a"> 18390318  19..    ?</subfield>
</datafield>
<datafield tag="105" ind1=" " ind2=" ">
<subfield code="a">a</subfield>
</datafield>
<datafield tag="106" ind1=" " ind2=" ">
<subfield code="a">1  </subfield>
</datafield>
<datafield tag="120" ind1=" " ind2=" ">
<subfield code="a">b</subfield>
</datafield>
<datafield tag="200" ind1=" " ind2="|">
<subfield code="7">ba0yba0y</subfield>
<subfield code="8">fre   </subfield>
<subfield code="9"> 0 </subfield>
<subfield code="a">Pastoureau</subfield>
<subfield code="b">Arthur Guillaume</subfield>
<subfield code="f">1839-19..?</subfield>
</datafield>
<datafield tag="300" ind1="0" ind2=" ">
<subfield code="a">Auditeur au Conseil d'État (1862)</subfield>
</datafield>
<datafield tag="801" ind1=" " ind2=" ">
<subfield code="a">FR</subfield>
<subfield code="b">FR-751131015</subfield>
<subfield code="c">20081013</subfield>
</datafield>
<datafield tag="810" ind1=" " ind2=" ">
<subfield code="a">Monographie du fer / par MM. Cottin et Pastoureau, 1863 [avec un titre général : "Monographie des principales marchandises inscrites au tarif des douanes" ; n° de : "Annales du commerce extérieur. France. Législation commerciale", mai 1863]</subfield>
</datafield>
<datafield tag="810" ind1=" " ind2=" ">
<subfield code="a">Dictionnaire biographique des membres du Conseil d'État : 1799-2002 / Roland Drago, Jean Imbert, Jean Tulard et François Monnier, 2004</subfield>
</datafield>
</record><record>
<leader>     cx  a22        45  </leader>
<controlfield tag="001">FRBNF119187472</controlfield>
<controlfield tag="003">http://catalogue.bnf.fr/ark:/12148/cb11918747k</controlfield>
<controlfield tag="005">20170428</controlfield>
<datafield tag="010" ind1=" " ind2=" ">
<subfield code="a">0000000121185030</subfield>
<subfield code="2">VIAF</subfield>
<subfield code="d">20131024</subfield>
</datafield>
<datafield tag="039" ind1=" " ind2=" ">
<subfield code="o">OPL</subfield>
<subfield code="a">001197166</subfield>
</datafield>
<datafield tag="039" ind1=" " ind2=" ">
<subfield code="o">OPP</subfield>
<subfield code="a">15241007</subfield>
<subfield code="d">20070802</subfield>
</datafield>
<datafield tag="039" ind1=" " ind2=" ">
<subfield code="o">OPP</subfield>
<subfield code="a">14380569</subfield>
<subfield code="d">20090429</subfield>
</datafield>
<datafield tag="039" ind1=" " ind2=" ">
<subfield code="o">OPP</subfield>
<subfield code="a">15442487</subfield>
<subfield code="d">20121009</subfield>
</datafield>
<datafield tag="039" ind1=" " ind2=" ">
<subfield code="o">OPP</subfield>
<subfield code="a">16485951</subfield>
<subfield code="d">20170306</subfield>
</datafield>
<datafield tag="100" ind1=" " ind2=" ">
<subfield code="a">19760902afrey50      ba0</subfield>
</datafield>
<datafield tag="101" ind1=" " ind2=" ">
<subfield code="a">fre</subfield>
</datafield>
<datafield tag="102" ind1=" " ind2=" ">
<subfield code="a">FR</subfield>
</datafield>
<datafield tag="103" ind1=" " ind2=" ">
<subfield code="a"> 1949               </subfield>
</datafield>
<datafield tag="105" ind1=" " ind2=" ">
<subfield code="a">a</subfield>
</datafield>
<datafield tag="106" ind1=" " ind2=" ">
<subfield code="a">1  </subfield>
</datafield>
<datafield tag="120" ind1=" " ind2=" ">
<subfield code="a">a</subfield>
</datafield>
<datafield tag="200" ind1=" " ind2="|">
<subfield code="7">ba0yba0y</subfield>
<subfield code="8">fre   </subfield>
<subfield code="9"> 0 </subfield>
<subfield code="a">Pastoureau</subfield>
<subfield code="b">Mireille</subfield>
<subfield code="f">1949-....</subfield>
</datafield>
<datafield tag="300" ind1="0" ind2=" ">
<subfield code="a">Archiviste-paléographe. - Conservateur à la Bibliothèque nationale, Département des cartes et plans (en 1989), puis directeur de la Bibliothèque de l'Institut, de 1993 à 2014</subfield>
</datafield>
<datafield tag="801" ind1=" " ind2=" ">
<subfield code="a">FR</subfield>
<subfield code="b">FR-751131015</subfield>
<subfield code="c">20170428</subfield>
</datafield>
<datafield tag="810" ind1=" " ind2=" ">
<subfield code="a">Les atlas français, XVIe-XVIIe siècles / par Mireille Pastoureau, 1984</subfield>
<subfield code="a">Cérémonie en l'honneur de madame Mireille Pastoureau... à l'occasion de son départ à la retraite / Gabriel de Broglie,... Hélène Carrère d'Encausse,... Mireille Pastoureau,..., 2014</subfield>
</datafield>
<datafield tag="810" ind1=" " ind2=" ">
<subfield code="a">Guide de l'hist. des sci. et des tech. en France / Christine Blondel, Valérie Gourlet, 1987 (p. 163-164)</subfield>
</datafield>
</record></collection>
